City_ID,City,Country,Date,Lat,Lng,Max Temp,Humidity,Cloudiness,Wind Speed
0,Vaini,TO,2022-06-04 03:13:05,-21.2,-175.2,77.11,81,0,8.25
1,Okha,RU,2022-06-04 03:13:06,53.5739,142.9478,48.27,73,32,11.56
2,Bluff,NZ,2022-06-04 03:13:06,-46.6,168.3333,50.81,67,88,6.82
3,Skibbereen,IE,2022-06-04 03:13:07,51.55,-9.2667,48.69,90,18,8.16
4,Tiksi,RU,2022-06-04 03:13:08,71.6872,128.8694,43.56,84,98,6.2
5,Butaritari,KI,2022-06-04 03:13:08,3.0707,172.7902,80.91,72,43,5.95
6,Puerto Escondido,MX,2022-06-04 03:13:09,15.85,-97.0667,81.43,57,75,0.0
7,Carnarvon,AU,2022-06-04 03:13:09,-24.8667,113.6333,70.75,37,32,11.34
8,Barrow,US,2022-06-04 03:13:11,71.2906,-156.7887,32.02,86,100,26.46
9,Hermanus,ZA,2022-06-04 03:13:11,-34.4187,19.2345,55.53,83,37,7.05
10,Puerto Ayora,EC,2022-06-04 03:13:12,-0.7393,-90.3518,71.55,94,98,1.01
11,Husavik,IS,2022-06-04 03:13:12,66.0449,-17.3389,39.76,89,76,8.52
12,Bambous Virieux,MU,2022-06-04 03:13:13,-20.3428,57.7575,71.22,75,81,21.52
13,Mazurivka,UA,2022-06-04 03:13:14,49.2745,24.2123,54.05,92,100,7.23
14,Bria,CF,2022-06-04 03:13:14,6.5423,21.9863,68.47,98,100,1.83
15,Rikitea,PF,2022-06-04 03:13:15,-23.1203,-134.9692,75.54,78,77,9.98
16,Buala,SB,2022-06-04 03:13:15,-8.145,159.5921,85.37,68,93,8.34
17,Sergeyevka,KZ,2022-06-04 03:13:16,53.88,67.4158,50.34,65,99,13.02
18,Lorengau,PG,2022-06-04 03:13:16,-2.0226,147.2712,84.76,64,17,10.22
19,Atuona,PF,2022-06-04 03:13:17,-9.8,-139.0333,77.04,80,15,16.46
20,Vanavara,RU,2022-06-04 03:13:17,60.34,102.2797,48.04,45,34,15.1
21,Marsh Harbour,BS,2022-06-04 03:13:18,26.5412,-77.0636,77.88,69,100,9.75
22,New Norfolk,AU,2022-06-04 03:13:19,-42.7826,147.0587,56.7,81,98,3.0
23,Victoria,HK,2022-06-04 03:11:19,22.2855,114.1577,89.96,81,100,11.01
24,Qaanaaq,GL,2022-06-04 03:13:20,77.484,-69.3632,23.79,87,98,5.14
25,Busselton,AU,2022-06-04 03:13:21,-33.65,115.3333,60.08,56,96,9.73
26,Chuy,UY,2022-06-04 03:13:21,-33.6971,-53.4616,48.07,86,15,5.26
27,Mataura,NZ,2022-06-04 03:13:22,-46.1927,168.8643,50.49,75,81,1.3
28,Shaunavon,CA,2022-06-04 03:13:22,49.6501,-108.4181,59.88,32,100,9.13
29,Khatanga,RU,2022-06-04 03:13:23,71.9667,102.5,29.61,94,100,20.07
30,Ushuaia,AR,2022-06-04 03:09:36,-54.8,-68.3,42.46,52,75,14.97
31,Moron,AR,2022-06-04 03:13:24,-34.6534,-58.6198,51.55,70,100,7.18
32,East London,ZA,2022-06-04 03:13:24,-33.0153,27.9116,63.63,36,0,8.08
33,Punta Arenas,CL,2022-06-04 03:09:04,-53.15,-70.9167,41.11,56,75,18.41
34,Kroya,ID,2022-06-04 03:13:25,-7.6331,109.2461,83.03,69,100,2.44
35,Taywarah,AF,2022-06-04 03:13:26,33.35,64.4167,51.89,29,0,7.58
36,Cabedelo,BR,2022-06-04 03:13:26,-6.9811,-34.8339,72.27,86,98,6.13
37,Bethel,US,2022-06-04 03:13:27,41.3712,-73.414,66.63,78,0,3.44
38,Jamestown,US,2022-06-04 03:13:27,42.097,-79.2353,60.44,54,0,5.75
39,Narsaq,GL,2022-06-04 03:13:28,60.9167,-46.05,53.82,40,0,8.25
40,Saint-Philippe,RE,2022-06-04 03:13:28,-21.3585,55.7679,72.99,72,46,13.09
41,Hobart,AU,2022-06-04 03:13:29,-42.8794,147.3294,57.06,66,40,10.36
42,Bay Roberts,CA,2022-06-04 03:13:30,47.5999,-53.2648,43.52,81,7,7.0
43,Kharp,RU,2022-06-04 03:13:31,66.8014,65.8081,44.98,25,1,8.03
44,Huntsville,US,2022-06-04 03:13:19,34.7304,-86.5861,69.6,75,0,5.99
45,Oktyabrskiy,RU,2022-06-04 03:13:31,54.4815,53.471,61.48,94,100,6.08
46,Bail Hongal,IN,2022-06-04 03:13:32,15.8167,74.8667,76.24,64,59,11.5
47,Avarua,CK,2022-06-04 03:14:32,-21.2078,-159.775,80.65,61,40,20.71
48,Rezekne,LV,2022-06-04 03:14:33,56.5,27.3167,46.24,97,100,6.73
49,Bad Wurzach,DE,2022-06-04 03:14:33,47.9,9.9,56.19,82,60,3.74
50,Port Elizabeth,ZA,2022-06-04 03:14:34,-33.918,25.5701,57.31,70,29,1.99
51,Yellowknife,CA,2022-06-04 03:14:35,62.456,-114.3525,64.56,34,1,13.0
52,Albany,US,2022-06-04 03:12:09,42.6001,-73.9662,63.63,71,9,4.92
53,Kenai,US,2022-06-04 03:14:36,60.5544,-151.2583,75.29,25,0,10.36
54,Sinop,TR,2022-06-04 03:14:36,41.7711,34.8709,61.23,84,28,2.57
55,Kurchum,KZ,2022-06-04 03:14:37,48.5722,83.6542,65.73,35,100,8.21
56,Zyryanka,RU,2022-06-04 03:14:37,65.75,150.85,62.35,46,81,18.79
57,Upernavik,GL,2022-06-04 03:14:38,72.7868,-56.1549,30.29,90,60,3.29
58,Arraial Do Cabo,BR,2022-06-04 03:14:39,-22.9661,-42.0278,69.67,81,92,16.69
59,San Angelo,US,2022-06-04 03:14:39,31.4638,-100.437,76.53,70,0,7.0
60,Ribeira Grande,PT,2022-06-04 03:14:40,38.5167,-28.7,64.74,95,100,19.66
61,Torbay,CA,2022-06-04 03:14:41,47.6666,-52.7314,42.76,87,100,16.11
62,Bengkulu,ID,2022-06-04 03:14:42,-3.8004,102.2655,83.7,60,25,1.74
63,Andenes,NO,2022-06-04 03:14:42,69.3143,16.1194,49.98,93,100,21.85
64,Ushirombo,TZ,2022-06-04 03:14:43,-3.4919,31.9639,65.07,62,99,3.67
65,Airai,TL,2022-06-04 03:14:44,-8.9266,125.4092,74.66,50,20,1.88
66,Broome,US,2022-06-04 03:11:34,42.2506,-75.833,58.01,87,0,0.87
67,San Jose De Gracia,MX,2022-06-04 03:14:49,20.6667,-102.5833,68.83,57,97,6.17
68,Vila Franca Do Campo,PT,2022-06-04 03:14:49,37.7167,-25.4333,64.81,94,100,5.12
69,Kutum,SD,2022-06-04 03:14:50,14.2,24.6667,72.82,55,78,4.07
70,Sao Gabriel Da Cachoeira,BR,2022-06-04 03:14:50,-0.1303,-67.0892,72.5,98,98,0.81
71,Tilichiki,RU,2022-06-04 03:14:51,60.4667,166.1,57.97,45,5,6.29
72,Hilo,US,2022-06-04 03:14:52,19.7297,-155.09,88.29,83,20,8.05
73,Nikolskoye,RU,2022-06-04 03:14:52,59.7035,30.7861,52.79,94,47,6.51
74,Torez,UA,2022-06-04 03:14:53,48.0388,38.5969,63.81,87,55,8.86
75,Conceicao Do Araguaia,BR,2022-06-04 03:14:54,-8.2578,-49.2647,72.79,58,47,0.94
76,Alofi,NU,2022-06-04 03:14:54,-19.0595,-169.9187,78.91,80,14,15.19
77,Saint-Marc,HT,2022-06-04 03:14:55,19.1082,-72.6938,82.98,71,95,0.98
78,Takoradi,GH,2022-06-04 03:14:55,4.8845,-1.7554,77.95,86,98,6.33
79,Yemelyanovo,RU,2022-06-04 03:14:56,56.1681,92.6767,38.21,93,40,8.95
80,Saint Anthony,US,2022-06-04 03:14:57,45.0205,-93.218,60.66,53,0,3.44
81,Chokurdakh,RU,2022-06-04 03:14:57,70.6333,147.9167,51.12,34,9,10.22
82,Lasa,IT,2022-06-04 03:14:58,46.6166,10.7002,56.7,88,7,1.66
83,Farafenni,GM,2022-06-04 03:14:58,13.5667,-15.6,80.04,66,4,13.2
84,Kadoma,JP,2022-06-04 03:14:59,34.7333,135.5833,82.18,29,34,6.78
85,Tessalit,ML,2022-06-04 03:15:00,20.1986,1.0114,90.43,9,0,15.21
86,Port Lincoln,AU,2022-06-04 03:15:00,-34.7333,135.8667,59.43,70,31,24.74
87,Beyneu,KZ,2022-06-04 03:15:01,45.3167,55.2,78.82,18,68,3.62
88,Tvoroyri,FO,2022-06-04 03:15:02,61.5556,-6.8111,48.42,92,94,18.92
89,Ancud,CL,2022-06-04 03:15:02,-41.8697,-73.8203,48.36,93,100,11.97
90,Baykit,RU,2022-06-04 03:15:03,61.67,96.37,41.2,75,98,8.32
91,Clyde River,CA,2022-06-04 03:15:04,70.4692,-68.5914,30.43,93,100,10.36
92,Longyearbyen,SJ,2022-06-04 03:16:04,78.2186,15.6401,44.44,76,75,2.3
93,Kruisfontein,ZA,2022-06-04 03:16:05,-34.0033,24.7314,50.88,62,33,6.4
94,Kodiak,US,2022-06-04 03:16:05,57.79,-152.4072,71.11,24,0,5.75
95,Provideniya,RU,2022-06-04 03:16:06,64.3833,-173.3,52.39,56,100,6.38
96,Ilulissat,GL,2022-06-04 03:16:07,69.2167,-51.1,35.62,80,58,0.0
97,Palembang,ID,2022-06-04 03:13:21,-2.9167,104.7458,84.29,79,20,3.44
98,Demir Kapija,MK,2022-06-04 03:16:12,41.405,22.2489,66.45,84,6,4.34
99,Xuddur,SO,2022-06-04 03:16:12,4.1213,43.8894,67.95,91,6,14.5
100,Severo-Kurilsk,RU,2022-06-04 03:16:13,50.6789,156.125,45.88,81,91,7.45
101,Simbahan,PH,2022-06-04 03:16:13,6.3032,120.5836,83.28,66,45,1.32
102,Saskylakh,RU,2022-06-04 03:16:13,71.9167,114.0833,45.39,91,100,7.18
103,Sawtell,AU,2022-06-04 03:16:14,-30.3833,153.1,69.19,56,7,10.36
104,Ahipara,NZ,2022-06-04 03:16:14,-35.1667,173.1667,61.48,59,48,4.54
105,Bonavista,CA,2022-06-04 03:16:15,48.6499,-53.1147,38.88,93,87,22.26
106,Dicabisagan,PH,2022-06-04 03:16:15,17.0818,122.4157,89.29,63,100,9.89
107,Lodja,CD,2022-06-04 03:16:16,-3.4833,23.4333,67.77,72,25,2.55
108,Pavlohrad,UA,2022-06-04 03:16:16,48.5167,35.8667,61.03,94,2,8.81
109,Port Macquarie,AU,2022-06-04 03:16:17,-31.4333,152.9167,67.89,49,0,9.89
110,Saint-Augustin,CA,2022-06-04 03:16:17,51.226,-58.6502,43.61,84,100,10.0
111,Port Alfred,ZA,2022-06-04 03:16:18,-33.5906,26.891,61.12,39,7,8.5
112,Galle,LK,2022-06-04 03:15:18,6.0367,80.217,80.38,84,98,12.77
113,Calvia,ES,2022-06-04 03:16:18,39.5657,2.5062,71.08,84,85,1.03
114,Uray,RU,2022-06-04 03:16:19,60.1247,64.7758,41.11,54,11,10.69
115,Lagoa,PT,2022-06-04 03:16:19,39.05,-27.9833,63.18,92,100,11.79
116,Xining,CN,2022-06-04 03:16:20,36.6167,101.7667,58.41,60,100,3.76
117,Porangatu,BR,2022-06-04 03:16:20,-13.4408,-49.1486,70.81,41,81,2.26
118,Hasaki,JP,2022-06-04 03:16:21,35.7333,140.8333,75.29,65,8,11.12
119,Hamilton,US,2022-06-04 03:15:21,39.1834,-84.5333,69.42,62,20,8.05
120,Vila Velha,BR,2022-06-04 03:13:46,-20.3297,-40.2925,71.94,87,100,14.0
121,Xiongzhou,CN,2022-06-04 03:16:22,25.1167,114.3,82.76,80,100,4.54
122,Aasiaat,GL,2022-06-04 03:16:22,68.7098,-52.8699,28.69,77,66,8.55
123,Saint-Pierre,RE,2022-06-04 03:12:55,-21.3393,55.4781,73.08,73,0,20.71
124,Touros,BR,2022-06-04 03:16:24,-5.1989,-35.4608,75.04,91,99,6.73
125,Oranjemund,NA,2022-06-04 03:16:25,-28.55,16.4333,57.45,45,35,4.03
126,Rome,US,2022-06-04 03:14:30,34.257,-85.1647,72.3,80,0,4.61
127,Bredasdorp,ZA,2022-06-04 03:16:26,-34.5322,20.0403,50.13,91,45,5.79
128,Rawson,AR,2022-06-04 03:16:26,-43.3002,-65.1023,50.31,55,99,26.89
129,Horoatu Crasnei,RO,2022-06-04 03:16:27,47.1333,22.8833,61.43,86,83,4.83
130,Hithadhoo,MV,2022-06-04 03:16:28,-0.6,73.0833,83.52,70,98,8.57
131,Carnot,CF,2022-06-04 03:16:28,4.9409,15.8665,68.2,98,69,2.51
132,Puerto Baquerizo Moreno,EC,2022-06-04 03:16:29,-0.9,-89.6,70.48,89,99,10.96
133,Arica,CL,2022-06-04 03:16:29,-18.475,-70.3042,59.23,77,0,3.44
134,Otjiwarongo,NA,2022-06-04 03:16:30,-20.4637,16.6477,46.27,54,0,11.21
135,Cooma,AU,2022-06-04 03:16:30,-36.2333,149.1333,51.57,57,7,17.27
136,Komsomolskiy,UZ,2022-06-04 03:16:31,40.4272,71.7189,74.12,40,29,6.91
137,Tuatapere,NZ,2022-06-04 03:17:32,-46.1333,167.6833,49.33,71,97,1.07
138,Tuktoyaktuk,CA,2022-06-04 03:17:33,69.4541,-133.0374,32.0,86,100,12.66
139,Cape Town,ZA,2022-06-04 03:12:39,-33.9258,18.4232,59.38,84,60,2.3
140,Ashukino,RU,2022-06-04 03:17:33,56.16,37.95,51.76,80,0,6.38
141,Katsuura,JP,2022-06-04 03:17:34,35.1333,140.3,67.6,65,42,13.38
142,Hindaun,IN,2022-06-04 03:17:34,26.7167,77.0167,98.62,17,70,11.54
143,New Glasgow,CA,2022-06-04 03:17:35,45.5834,-62.6486,44.38,85,100,4.14
144,Kudahuvadhoo,MV,2022-06-04 03:17:36,2.6708,72.8944,83.25,74,100,14.2
145,Laguna,US,2022-06-04 03:17:36,38.421,-121.4238,75.45,60,0,14.97
146,Vila,PT,2022-06-04 03:17:37,42.0304,-8.1588,46.71,93,33,2.71
147,Port Hedland,AU,2022-06-04 03:17:37,-20.3167,118.5667,77.05,36,53,11.5
148,Balaka,MW,2022-06-04 03:17:38,-14.9793,34.9558,58.89,89,70,6.13
149,Banff,CA,2022-06-04 03:17:39,51.1762,-115.5698,58.23,44,100,2.3
150,Carutapera,BR,2022-06-04 03:17:40,-1.195,-46.02,74.95,93,99,3.65
151,Avanigadda,IN,2022-06-04 03:17:41,16.0215,80.9181,95.2,39,100,9.55
152,Nanma,CN,2022-06-04 03:17:41,36.1817,118.1583,78.13,61,100,8.03
153,Beloha,MG,2022-06-04 03:17:42,-25.1667,45.05,63.25,78,1,8.99
154,Northam,GB,2022-06-04 03:17:42,51.0333,-4.2167,56.61,77,100,18.01
155,Fortuna,US,2022-06-04 03:17:43,40.5982,-124.1573,58.93,78,20,1.01
156,Cuamba,MZ,2022-06-04 03:17:43,-14.8031,36.5372,55.44,98,18,3.04
157,Dingle,PH,2022-06-04 03:17:45,10.9995,122.6711,88.2,64,16,4.94
158,Avera,US,2022-06-04 03:17:45,33.194,-82.5271,73.54,94,99,10.31
159,Yumen,CN,2022-06-04 03:17:46,40.2833,97.2,71.96,12,28,15.5
160,Ballina,AU,2022-06-04 03:17:47,-28.8667,153.5667,70.02,64,0,13.11
161,Evensk,RU,2022-06-04 03:17:47,61.95,159.2333,52.16,71,100,8.37
162,Norman Wells,CA,2022-06-04 03:17:48,65.282,-126.8329,51.84,54,75,9.22
163,Shakawe,BW,2022-06-04 03:17:48,-18.3667,21.85,46.81,74,0,5.01
164,Grand Gaube,MU,2022-06-04 03:17:49,-20.0064,57.6608,73.8,81,53,8.99
165,Kapaa,US,2022-06-04 03:17:49,22.0752,-159.319,79.12,76,40,12.66
166,Zambezi,ZM,2022-06-04 03:17:50,-13.5432,23.1047,49.17,87,24,5.53
167,Barhi,IN,2022-06-04 03:17:51,23.9,80.8,101.73,13,93,10.2
168,Lulea,SE,2022-06-04 03:17:52,65.5842,22.1547,51.87,93,100,4.61
169,Saldanha,ZA,2022-06-04 03:17:52,-33.0117,17.9442,41.05,83,39,7.72
170,Vestmannaeyjar,IS,2022-06-04 03:17:53,63.4427,-20.2734,44.04,78,100,13.06
171,Mahroni,IN,2022-06-04 03:17:54,24.5862,78.7288,99.81,15,59,13.56
172,Clermont,FR,2022-06-04 03:17:55,49.5,2.4167,59.72,95,96,6.6
173,Raduzhnyy,RU,2022-06-04 03:17:55,62.0961,77.475,33.6,98,100,14.58
174,Mufulira,ZM,2022-06-04 03:17:56,-12.5498,28.2407,46.2,95,7,4.56
175,Mangrol,IN,2022-06-04 03:17:56,21.1167,70.1167,83.59,73,52,13.76
176,Chara,RU,2022-06-04 03:17:57,56.9064,118.2631,64.83,43,28,4.05
177,Hofn,IS,2022-06-04 03:17:57,64.2539,-15.2082,48.61,59,100,13.13
178,Esperance,AU,2022-06-04 03:17:58,-33.8667,121.9,57.04,73,100,19.75
179,Sayat,TM,2022-06-04 03:17:59,38.7839,63.8803,76.87,17,0,11.43
180,Gastonia,US,2022-06-04 03:15:01,35.2621,-81.1873,68.25,94,40,0.0
181,Pasighat,IN,2022-06-04 03:19:00,28.0667,95.3333,78.01,95,94,2.77
182,Kloulklubed,PW,2022-06-04 03:19:00,7.0419,134.2556,84.7,67,11,5.35
183,Kalmunai,LK,2022-06-04 03:19:04,7.4167,81.8167,83.12,72,82,7.99
184,Sioux Lookout,CA,2022-06-04 03:19:05,50.1001,-91.917,44.67,87,75,2.3
185,Zhangjiakou,CN,2022-06-04 03:19:05,40.81,114.8794,76.71,37,48,7.16
186,Haines Junction,CA,2022-06-04 03:19:06,60.7522,-137.5108,75.15,19,91,4.61
187,Tikamgarh,IN,2022-06-04 03:19:07,24.745,78.8333,100.04,15,67,13.27
188,Rocha,UY,2022-06-04 03:19:07,-34.4833,-54.3333,42.13,91,81,3.91
189,Georgetown,MY,2022-06-04 03:16:52,5.4112,100.3354,78.73,88,20,4.61
190,Vallenar,CL,2022-06-04 03:19:08,-28.5708,-70.7581,57.94,30,100,2.98
191,Portalegre,PT,2022-06-04 03:19:09,39.2938,-7.4312,54.28,96,46,2.37
192,Talnakh,RU,2022-06-04 03:19:09,69.4865,88.3972,33.21,56,100,4.83
193,Yatou,CN,2022-06-04 03:19:10,37.15,122.3833,74.12,61,100,16.82
194,Archidona,ES,2022-06-04 03:19:10,37.0965,-4.3887,61.41,91,9,4.72
195,Point Fortin,TT,2022-06-04 03:19:11,10.1833,-61.6833,75.88,86,29,12.91
196,Pringsewu,ID,2022-06-04 03:19:12,-5.3582,104.9744,82.33,74,100,3.78
197,Souillac,MU,2022-06-04 03:19:12,-20.5167,57.5167,73.78,78,75,12.66
198,Meulaboh,ID,2022-06-04 03:19:13,4.1363,96.1285,82.49,67,91,2.42
199,Mount Gambier,AU,2022-06-04 03:19:13,-37.8333,140.7667,51.76,87,84,9.98
200,Tura,IN,2022-06-04 03:19:14,25.5198,90.2201,79.45,90,90,6.4
201,Oga,IT,2022-06-04 03:19:15,46.4631,10.347,49.8,89,15,0.25
202,Gweru,ZW,2022-06-04 03:19:15,-19.45,29.8167,46.54,98,30,8.52
203,Tasiilaq,GL,2022-06-04 03:19:16,65.6145,-37.6368,28.56,74,12,5.99
204,Axim,GH,2022-06-04 03:19:17,4.8699,-2.2405,78.26,84,96,5.08
205,Ashland,US,2022-06-04 03:19:17,40.8167,-82.2665,60.28,86,0,4.38
206,Umm Lajj,SA,2022-06-04 03:19:18,25.0213,37.2685,83.35,45,14,9.57
207,Ponta Do Sol,PT,2022-06-04 03:19:18,32.6667,-17.1,63.72,72,14,4.81
208,Pandrup,DK,2022-06-04 03:19:19,57.2215,9.6757,51.71,87,100,16.11
209,Geraldton,AU,2022-06-04 03:19:20,-28.7667,114.6,66.61,45,21,10.36
210,Deputatskiy,RU,2022-06-04 03:19:20,69.3,139.9,56.79,63,71,6.26
211,Mpongwe,ZM,2022-06-04 03:19:21,-13.5091,28.155,50.65,81,1,7.67
212,Inirida,CO,2022-06-04 03:19:21,3.8653,-67.9239,72.12,96,100,2.19
213,Byron Bay,AU,2022-06-04 03:17:49,-28.65,153.6167,69.94,56,0,12.93
214,Bend,US,2022-06-04 03:17:38,44.0582,-121.3153,51.08,73,75,5.01
215,Kunming,CN,2022-06-04 03:19:22,25.0389,102.7183,71.53,64,75,13.42
216,Ust-Nera,RU,2022-06-04 03:19:23,64.5667,143.2,72.43,31,50,2.55
217,Saint George,US,2022-06-04 03:19:23,37.1041,-113.5841,88.39,11,0,18.41
218,Lavumisa,SZ,2022-06-04 03:19:24,-27.31,31.892,52.68,78,0,3.98
219,Los Palacios,CU,2022-06-04 03:19:25,22.5872,-83.2486,76.17,94,100,10.63
220,Waitati,NZ,2022-06-04 03:19:25,-45.75,170.5667,52.81,59,21,5.1
221,Viedma,AR,2022-06-04 03:15:43,-40.8135,-62.9967,49.55,54,100,20.83
222,Erzin,TR,2022-06-04 03:19:26,36.9559,36.2,66.27,88,10,0.49
223,Otradnoye,RU,2022-06-04 03:16:22,59.7775,30.8181,52.95,94,54,6.55
224,Tarsus,TR,2022-06-04 03:19:27,36.9188,34.8784,70.18,91,14,4.16
225,Lokosovo,RU,2022-06-04 03:19:27,61.1333,74.8167,34.65,97,100,14.52
226,Loviisa,FI,2022-06-04 03:19:28,60.4566,26.2251,50.29,93,100,8.34
227,Eureka,US,2022-06-04 03:15:25,40.8021,-124.1637,61.66,83,100,1.01
228,Kavieng,PG,2022-06-04 03:19:28,-2.5744,150.7967,84.25,64,26,11.74
229,Brovary,UA,2022-06-04 03:20:29,50.5,30.7667,57.88,100,0,2.98
230,Novyy Urgal,RU,2022-06-04 03:20:29,51.0736,132.5642,63.68,43,14,2.13
231,Ostrovnoy,RU,2022-06-04 03:20:30,68.0531,39.5131,45.52,62,96,21.21
232,Merrill,US,2022-06-04 03:18:05,45.1805,-89.6835,52.52,67,0,3.44
233,Cabo San Lucas,MX,2022-06-04 03:20:31,22.8909,-109.9124,81.7,69,0,5.01
234,Dikson,RU,2022-06-04 03:20:31,73.5069,80.5464,27.19,79,17,16.89
235,Iquitos,PE,2022-06-04 03:19:39,-3.7481,-73.2472,77.04,94,75,1.14
236,San Patricio,US,2022-06-04 03:20:33,28.017,-97.5169,82.89,80,51,7.63
237,Zlotow,PL,2022-06-04 03:20:34,53.3635,17.0408,50.94,84,90,6.08
238,Te Anau,NZ,2022-06-04 03:20:34,-45.4167,167.7167,48.9,65,89,0.49
239,Nara,JP,2022-06-04 03:20:35,34.6851,135.8049,81.5,29,33,5.95
240,Sao Luis,BR,2022-06-04 03:20:35,-2.5297,-44.3028,77.2,94,40,3.44
241,Paamiut,GL,2022-06-04 03:20:36,61.994,-49.6678,41.47,59,2,8.21
242,Nanortalik,GL,2022-06-04 03:20:37,60.1432,-45.2371,42.06,60,100,2.17
243,Keetmanshoop,NA,2022-06-04 03:20:37,-26.5833,18.1333,53.15,35,0,8.7
244,Wilmington,US,2022-06-04 03:16:08,34.2257,-77.9447,69.89,92,75,1.01
245,Skjervoy,NO,2022-06-04 03:20:39,70.0311,20.9714,50.0,98,100,7.38
246,Auxerre,FR,2022-06-04 03:20:39,47.8,3.5667,60.64,94,100,4.68
247,Okhotsk,RU,2022-06-04 03:20:40,59.3833,143.3,48.79,75,51,8.03
248,Waingapu,ID,2022-06-04 03:20:40,-9.6567,120.2641,86.29,64,89,6.76
249,Farkhor,TJ,2022-06-04 03:20:41,37.4922,69.4036,77.97,20,44,1.28
250,Seoul,KR,2022-06-04 03:18:17,37.5683,126.9778,81.79,47,0,3.44
251,Inhambane,MZ,2022-06-04 03:20:42,-23.865,35.3833,66.4,86,14,7.18
252,Constitucion,CL,2022-06-04 03:18:13,-35.3333,-72.4167,53.76,88,100,13.94
253,Lebu,CL,2022-06-04 03:17:52,-37.6167,-73.65,53.08,95,100,11.03
254,Litovko,RU,2022-06-04 03:20:43,49.2361,135.1742,59.99,55,28,12.28
255,Comodoro Rivadavia,AR,2022-06-04 03:19:12,-45.8667,-67.5,39.06,56,0,3.44
256,Castro,BR,2022-06-04 03:20:43,-24.7911,-50.0119,49.6,92,96,7.61
257,Roebourne,AU,2022-06-04 03:20:44,-20.7833,117.1333,71.82,42,44,15.66
258,Lahij,YE,2022-06-04 03:20:45,13.1667,44.5833,78.55,76,86,5.55
259,Tandil,AR,2022-06-04 03:20:45,-37.3217,-59.1332,40.68,67,100,11.03
260,Quatre Cocos,MU,2022-06-04 03:20:46,-20.2078,57.7625,73.51,76,81,21.47
261,Mahebourg,MU,2022-06-04 03:20:46,-20.4081,57.7,73.69,78,75,12.66
262,Thompson,CA,2022-06-04 03:20:47,55.7435,-97.8558,39.36,100,100,6.91
263,Miri,MY,2022-06-04 03:20:49,4.4148,114.0089,87.94,74,40,3.44
264,Madimba,TZ,2022-06-04 03:20:49,-10.4,40.3333,68.4,91,10,10.63
265,Lompoc,US,2022-06-04 03:20:50,34.6391,-120.4579,65.01,89,75,21.99
266,Matara,LK,2022-06-04 03:20:50,5.9485,80.5353,80.49,84,100,12.26
267,Mao,ES,2022-06-04 03:20:51,39.8885,4.2658,70.36,88,20,5.75
268,Boa Vista,BR,2022-06-04 03:20:51,2.8197,-60.6733,80.58,74,40,4.61
269,Doboj,BA,2022-06-04 03:20:52,44.7347,18.0878,66.31,93,100,2.33
270,Novo Mesto,SI,2022-06-04 03:20:00,45.804,15.1689,64.06,94,34,3.6
271,Mattru,SL,2022-06-04 03:20:53,7.6244,-11.8332,73.35,97,100,3.09
272,Padang,ID,2022-06-04 03:20:53,-0.9492,100.3543,86.05,58,27,1.41
273,Cidreira,BR,2022-06-04 03:20:54,-30.1811,-50.2056,59.63,65,98,12.37
274,Cayenne,GF,2022-06-04 03:17:40,4.9333,-52.3333,81.09,1,100,1.01
275,Salalah,OM,2022-06-04 03:17:05,17.0151,54.0924,84.29,79,20,0.0
276,Pimentel,PE,2022-06-04 03:21:55,-6.8367,-79.9342,64.44,87,100,11.72
277,Mar Del Plata,AR,2022-06-04 03:19:11,-38.0023,-57.5575,47.08,69,0,5.75
278,Matagami,CA,2022-06-04 03:21:56,49.7502,-77.6328,48.31,81,20,0.0
279,Goderich,CA,2022-06-04 03:21:56,43.7501,-81.7165,54.91,71,0,11.5
280,Tres Arroyos,AR,2022-06-04 03:21:57,-38.3739,-60.2798,43.75,62,100,12.1
281,Horconcitos,PA,2022-06-04 03:21:58,8.4682,-81.8007,68.86,98,100,2.17
282,Nhulunbuy,AU,2022-06-04 03:21:58,-12.2333,136.7667,86.61,66,75,16.11
283,Emerald,AU,2022-06-04 03:21:59,-23.5333,148.1667,73.35,64,15,9.24
284,Dunedin,NZ,2022-06-04 03:22:00,-45.8742,170.5036,52.81,59,17,5.99
285,Araouane,ML,2022-06-04 03:22:00,18.9048,-3.5265,87.58,31,48,11.21
286,Luderitz,NA,2022-06-04 03:22:01,-26.6481,15.1594,64.72,30,46,7.38
287,Iskateley,RU,2022-06-04 03:22:01,67.6803,53.1512,42.35,41,4,12.62
288,Loandjili,CG,2022-06-04 03:22:02,-4.7561,11.8578,75.31,94,75,2.3
289,Gat,IL,2022-06-04 03:22:03,31.61,34.7642,74.39,70,0,1.99
290,Poum,NC,2022-06-04 03:21:21,-20.2333,164.0167,76.57,70,97,17.43
291,Yerbogachen,RU,2022-06-04 03:22:03,61.2767,108.0108,60.33,42,7,12.1
292,Kodinsk,RU,2022-06-04 03:22:05,58.6881,99.1844,46.98,42,56,10.98
293,Guanica,PR,2022-06-04 03:22:05,17.9716,-66.908,82.06,81,68,9.91
294,Sitka,US,2022-06-04 03:22:06,57.0531,-135.33,60.69,63,40,5.75
295,Save,BJ,2022-06-04 03:22:06,8.0425,2.486,73.76,93,57,4.05
296,Muros,ES,2022-06-04 03:22:07,42.7762,-9.0603,61.09,93,89,5.75
297,Jinchang,CN,2022-06-04 03:22:07,38.4953,102.1739,70.59,29,92,7.92
298,Isangel,VU,2022-06-04 03:22:08,-19.55,169.2667,82.51,78,75,2.3
299,Santa Cruz,BO,2022-06-04 03:22:09,-17.8,-63.1667,58.46,88,40,3.44
300,Knysna,ZA,2022-06-04 03:22:09,-34.0363,23.0471,53.83,69,6,3.98
301,Neiafu,TO,2022-06-04 03:22:10,-18.65,-173.9833,83.08,69,40,8.05
302,Mount Isa,AU,2022-06-04 03:22:10,-20.7333,139.5,73.17,46,7,6.91
303,Katobu,ID,2022-06-04 03:22:11,-4.9408,122.5276,84.72,72,98,5.97
304,Nan,TH,2022-06-04 03:22:11,18.8333,100.6667,86.02,62,40,8.05
305,Elizabeth City,US,2022-06-04 03:22:12,36.2946,-76.2511,74.03,78,100,6.91
306,Moroni,KM,2022-06-04 03:22:12,-11.7022,43.2551,76.46,77,41,12.26
307,Minbu,MM,2022-06-04 03:22:13,20.1833,94.8833,91.8,48,98,9.84
308,Beringovskiy,RU,2022-06-04 03:22:13,63.05,179.3167,40.46,78,53,6.33
309,Kokkola,FI,2022-06-04 03:22:13,63.8385,23.1307,50.16,90,20,3.44
310,Bilibino,RU,2022-06-04 03:22:15,68.0546,166.4372,47.79,36,5,12.46
311,Kulhudhuffushi,MV,2022-06-04 03:21:16,6.6221,73.07,82.24,79,62,12.33
312,Karaton,ID,2022-06-04 03:22:15,-6.3424,106.1045,85.1,63,93,0.22
313,Three Hills,CA,2022-06-04 03:20:02,51.7001,-113.2686,66.27,15,98,10.36
314,Hami,CN,2022-06-04 03:22:16,42.8,93.45,79.88,9,8,0.56
315,Trento,IT,2022-06-04 03:22:16,46.0679,11.1211,68.14,87,0,4.61
316,Kaitangata,NZ,2022-06-04 03:22:17,-46.2817,169.8464,52.14,62,27,3.87
317,Chazuta,PE,2022-06-04 03:22:17,-6.5742,-76.1367,73.0,98,100,0.36
318,Lavrentiya,RU,2022-06-04 03:22:18,65.5833,-171.0,51.19,51,93,11.48
319,Coahuayana,MX,2022-06-04 03:22:18,18.7333,-103.6833,74.52,83,37,1.61
320,Mayskiy,RU,2022-06-04 03:22:21,47.6931,40.1025,65.61,69,53,9.01
321,Kamaishi,JP,2022-06-04 03:22:21,39.2667,141.8833,60.08,71,59,2.13
322,Praya,CV,2022-06-04 03:22:22,14.9215,-23.5087,73.94,78,20,16.11
323,Gilgit,PK,2022-06-04 03:22:22,35.9221,74.3087,71.24,46,0,2.08
324,Vardo,NO,2022-06-04 03:23:23,70.3705,31.1107,40.98,100,100,9.22
325,Korla,CN,2022-06-04 03:23:23,41.7597,86.1469,78.37,24,23,8.61
326,Am Timan,TD,2022-06-04 03:23:24,11.0297,20.2827,78.6,60,100,6.98
327,Kindu,CD,2022-06-04 03:23:25,-2.95,25.95,66.43,85,95,2.48
328,Portland,US,2022-06-04 03:20:00,45.5234,-122.6762,58.75,89,100,7.0
329,Nizhniy Odes,RU,2022-06-04 03:23:26,63.6445,54.856,46.2,42,0,6.58
330,Los Llanos De Aridane,ES,2022-06-04 03:23:26,28.6585,-17.9182,64.15,82,75,16.11
331,Mahibadhoo,MV,2022-06-04 03:23:27,3.7833,72.9667,82.9,76,79,14.61
332,Louis Trichardt,ZA,2022-06-04 03:23:27,-23.0439,29.9032,49.12,75,0,1.97
333,Queanbeyan,AU,2022-06-04 03:23:28,-35.35,149.2333,49.91,76,100,17.27
334,Bandarbeyla,SO,2022-06-04 03:23:28,9.4942,50.8122,80.71,66,97,22.28
335,Daru,PG,2022-06-04 03:23:29,-9.0763,143.2092,81.41,84,93,12.35
336,Sarangani,PH,2022-06-04 03:23:30,5.4033,125.4636,84.24,71,76,11.03
337,Poronaysk,RU,2022-06-04 03:23:30,49.2167,143.1167,48.29,70,91,6.22
338,Bella Vista,US,2022-06-04 03:23:31,36.4295,-94.2316,67.12,68,0,6.91
339,Port Blair,IN,2022-06-04 03:23:31,11.6667,92.75,86.04,74,75,11.5
340,Jalalabad,AF,2022-06-04 03:19:07,34.4265,70.4515,86.92,13,1,7.9
341,Jumla,NP,2022-06-04 03:23:32,29.2747,82.1838,68.09,28,98,3.8
342,Nebolchi,RU,2022-06-04 03:23:32,59.1239,33.3454,48.79,95,32,6.51
343,Sembe,CG,2022-06-04 03:23:33,1.6481,14.5806,70.05,97,95,1.23
344,Road Town,VG,2022-06-04 03:19:06,18.4167,-64.6167,80.69,73,17,14.12
345,Leningradskiy,RU,2022-06-04 03:23:34,69.3833,178.4167,36.3,70,100,6.46
346,Aklavik,CA,2022-06-04 03:23:34,68.2191,-135.0107,37.69,62,90,16.08
347,Boguchany,RU,2022-06-04 03:23:35,58.3814,97.4531,47.68,35,23,9.15
348,Yar-Sale,RU,2022-06-04 03:23:36,66.8333,70.8333,36.45,45,4,27.27
349,Faya,SA,2022-06-04 03:23:36,18.3851,42.4509,64.51,29,7,10.38
350,Aktash,RU,2022-06-04 03:23:37,50.3,87.7333,48.0,37,24,5.77
351,Marzuq,YE,2022-06-04 03:23:38,14.4,46.4667,72.54,60,30,3.91
352,Zhigansk,RU,2022-06-04 03:23:38,66.7697,123.3711,66.83,45,47,21.61
353,Naze,JP,2022-06-04 03:23:39,28.3667,129.4833,77.92,84,66,12.24
354,Illapel,CL,2022-06-04 03:23:39,-31.6308,-71.1653,57.99,51,100,6.22
355,Kahama,TZ,2022-06-04 03:23:40,-3.8333,32.6,59.5,70,74,4.32
356,Sinnamary,GF,2022-06-04 03:23:41,5.3833,-52.95,78.13,86,100,10.89
357,Novo Aripuana,BR,2022-06-04 03:23:41,-5.1206,-60.3797,72.37,99,85,0.34
358,Bakel,SN,2022-06-04 03:23:42,14.905,-12.4568,92.61,30,2,11.83
359,Abalak,RU,2022-06-04 03:23:43,58.1286,68.5944,42.31,45,48,8.63
360,Wasilla,US,2022-06-04 03:23:34,61.5814,-149.4394,78.89,30,0,17.27
361,Grindavik,IS,2022-06-04 03:23:43,63.8424,-22.4338,42.75,81,75,8.05
362,Ojinaga,MX,2022-06-04 03:23:44,29.5667,-104.4167,88.75,40,0,6.91
363,Abnub,EG,2022-06-04 03:23:45,27.2696,31.1511,79.14,27,0,3.06
364,Hatillo,PR,2022-06-04 03:23:45,18.4863,-66.8254,82.08,85,52,3.0
365,Falun,SE,2022-06-04 03:23:46,60.6036,15.626,50.22,85,26,4.21
366,Kochubey,RU,2022-06-04 03:23:47,44.3861,46.5825,69.78,59,74,6.22
367,Karratha,AU,2022-06-04 03:23:47,-20.7377,116.8463,71.73,44,45,15.12
368,Aksarka,RU,2022-06-04 03:23:48,66.5606,67.7975,37.78,43,12,24.52
369,Chhabra,IN,2022-06-04 03:23:48,24.6667,76.8333,95.43,19,15,11.77
370,Zhezkazgan,KZ,2022-06-04 03:23:49,47.8043,67.7144,73.38,35,40,6.71
371,Temple,US,2022-06-04 03:19:35,31.0982,-97.3428,78.66,71,100,0.0
372,Shubarkuduk,KZ,2022-06-04 03:24:50,49.1447,56.4872,70.7,44,2,8.75
373,Kyren,RU,2022-06-04 03:24:50,51.6828,102.1408,60.53,41,5,0.81
374,Acapulco,MX,2022-06-04 03:20:49,16.8634,-99.8901,80.42,78,40,5.75
375,Pevek,RU,2022-06-04 03:24:51,69.7008,170.3133,29.91,93,100,15.01
376,Cabadiangan,PH,2022-06-04 03:24:52,9.7531,122.4739,88.03,62,92,3.85
377,Manaure,CO,2022-06-04 03:24:52,11.7751,-72.4445,83.21,72,50,7.2
378,Demyansk,RU,2022-06-04 03:24:53,57.643,32.466,48.94,95,25,5.44
379,Sovetskiy,RU,2022-06-04 03:24:53,61.3614,63.5842,40.59,53,84,9.64
380,Severnoye,RU,2022-06-04 03:24:54,56.3491,78.3619,41.86,46,57,9.53
381,Sobolevo,RU,2022-06-04 03:24:56,54.4299,31.8996,49.46,89,48,4.63
382,Odessa,UA,2022-06-04 03:24:57,46.4775,30.7326,63.59,76,2,13.8
383,Coquimbo,CL,2022-06-04 03:23:16,-29.9533,-71.3436,55.13,62,0,5.75
384,Pacific Grove,US,2022-06-04 03:25:02,36.6177,-121.9166,64.2,88,75,6.91
385,Pisco,PE,2022-06-04 03:25:03,-13.7,-76.2167,61.02,94,100,3.44
386,Nome,US,2022-06-04 03:25:04,64.5011,-165.4064,65.16,53,0,14.97
387,Songea,TZ,2022-06-04 03:25:04,-10.6833,35.65,50.22,92,1,1.72
388,Sakata,JP,2022-06-04 03:25:05,38.9167,139.855,60.98,72,75,8.05
389,Abu Samrah,SY,2022-06-04 03:25:05,35.3029,37.1841,67.78,39,0,5.01
390,Sorland,NO,2022-06-04 03:22:14,67.667,12.6934,46.26,89,100,13.22
391,Gorontalo,ID,2022-06-04 03:25:06,0.5412,123.0595,88.61,61,56,3.33
392,Susangerd,IR,2022-06-04 03:25:07,31.5608,48.1831,95.59,8,3,2.8
393,Kukuna,SL,2022-06-04 03:25:07,9.4,-12.6667,75.16,93,100,1.57
394,Outjo,NA,2022-06-04 03:25:08,-20.1167,16.15,49.78,51,0,10.8
395,Lake Wales,US,2022-06-04 03:25:08,27.9014,-81.5859,74.91,98,100,10.36
396,Abha,SA,2022-06-04 03:25:09,18.2164,42.5053,64.22,22,0,0.0
397,Pochutla,MX,2022-06-04 03:25:10,15.7432,-96.4661,75.02,85,99,3.29
398,Baruun-Urt,MN,2022-06-04 03:25:10,46.6806,113.2792,67.08,51,14,4.07
399,Channel-Port Aux Basques,CA,2022-06-04 03:25:11,47.5702,-59.1367,45.21,86,98,4.59
400,Neftegorsk,RU,2022-06-04 03:25:11,52.802,51.166,66.09,64,80,7.94
401,Fort Smith,US,2022-06-04 03:25:12,35.3859,-94.3986,71.64,77,0,4.61
402,Burnie,AU,2022-06-04 03:25:13,-41.0667,145.9167,50.43,88,99,8.32
403,Vieques,PR,2022-06-04 03:25:13,18.425,-65.8329,82.11,83,40,5.75
404,Shadegan,IR,2022-06-04 03:25:14,30.6497,48.6647,84.15,9,4,7.02
405,Oktyabrskoye,RU,2022-06-04 03:25:15,43.0645,44.7417,60.94,94,79,2.24
406,Tual,ID,2022-06-04 03:25:15,-5.6667,132.75,83.98,68,94,2.35
407,Nyakahanga,TZ,2022-06-04 03:25:15,-1.6033,31.1414,53.98,87,91,3.74
408,Bilma,NE,2022-06-04 03:25:16,18.6853,12.9164,85.98,12,0,6.8
409,Jalu,LY,2022-06-04 03:25:17,29.0331,21.5482,75.45,45,0,11.48
410,Energetik,RU,2022-06-04 03:25:17,51.7445,58.7934,64.8,69,87,9.04
411,Taksimo,RU,2022-06-04 03:25:18,56.3444,114.8794,61.0,69,100,2.42
412,Gumdag,TM,2022-06-04 03:25:18,39.2061,54.5906,81.41,16,24,14.12
413,Lubu,CN,2022-06-04 03:25:19,23.1742,112.2809,88.18,70,96,4.88
414,Samana,DO,2022-06-04 03:25:19,19.2056,-69.3369,77.68,86,100,7.63
415,Sayaxche,GT,2022-06-04 03:25:20,16.5167,-90.1667,72.64,97,99,2.8
416,Pyay,MM,2022-06-04 03:25:21,18.8167,95.2167,90.72,51,100,8.72
417,Tanete,ID,2022-06-04 03:26:21,-3.9443,119.7848,86.18,70,42,0.65
418,Tucurui,BR,2022-06-04 03:26:22,-3.7661,-49.6725,72.37,98,100,3.27
419,Berlevag,NO,2022-06-04 03:26:22,70.8578,29.0864,44.55,93,100,5.75
420,El Alto,PE,2022-06-04 03:26:23,-4.2714,-81.2147,64.71,81,100,10.89
421,Portree,GB,2022-06-04 03:26:24,57.4129,-6.1942,49.51,83,6,3.13
422,Constantine,DZ,2022-06-04 03:26:24,36.365,6.6147,76.41,31,0,3.44
423,San Cristobal,VE,2022-06-04 03:26:25,7.7669,-72.225,69.98,95,98,1.57
424,Esso,RU,2022-06-04 03:26:26,55.9333,158.7,57.76,49,56,4.5
425,Den Helder,NL,2022-06-04 03:26:26,52.9599,4.7593,53.98,86,75,18.41
426,Hobyo,SO,2022-06-04 03:26:26,5.3505,48.5268,77.59,84,30,17.92
427,Adrar,MR,2022-06-04 03:26:27,20.5022,-10.0711,84.13,25,46,18.12
428,Pangnirtung,CA,2022-06-04 03:26:28,66.1451,-65.7125,35.98,62,41,5.5
429,Araguaina,BR,2022-06-04 03:26:28,-7.1911,-48.2072,76.21,64,74,2.19
430,Paragominas,BR,2022-06-04 03:26:29,-2.9667,-47.4833,71.46,99,100,3.02
431,Praia,CV,2022-06-04 03:26:32,14.9215,-23.5087,73.94,78,20,16.11
432,Aleksandrov Gay,RU,2022-06-04 03:26:33,50.147,48.5704,70.09,46,12,6.2
433,Ryotsu,JP,2022-06-04 03:26:34,38.0833,138.4333,59.63,74,63,6.85
434,Vostok,RU,2022-06-04 03:26:34,46.4856,135.8833,43.52,89,100,2.86
435,Concepcion Del Uruguay,AR,2022-06-04 03:26:35,-32.4825,-58.2372,43.99,83,6,1.99
436,Bundaberg,AU,2022-06-04 03:26:35,-24.85,152.35,74.21,68,58,5.99
437,Bafoulabe,ML,2022-06-04 03:26:36,13.8065,-10.8321,90.66,37,53,7.2
438,Waddan,LY,2022-06-04 03:26:37,29.1614,16.139,71.04,50,0,3.58
439,Yenagoa,NG,2022-06-04 03:26:37,4.9247,6.2642,74.97,94,67,3.56
440,Emborion,GR,2022-06-04 03:26:39,40.4833,21.55,63.3,78,1,2.42
441,Campoverde,PE,2022-06-04 03:26:39,-8.4753,-74.8058,74.89,98,100,1.5
442,Statesville,US,2022-06-04 03:26:40,35.7826,-80.8873,69.12,61,0,3.44
443,Ferrol,ES,2022-06-04 03:26:41,43.4832,-8.2369,62.71,95,51,6.15
444,Bonthe,SL,2022-06-04 03:26:41,7.5264,-12.505,76.86,88,100,7.52
445,Lincoln,US,2022-06-04 03:26:42,40.8,-96.667,75.27,67,0,9.22
446,Beasain,ES,2022-06-04 03:26:42,43.0502,-2.2009,62.37,98,99,1.28
447,Gimli,CA,2022-06-04 03:24:20,50.6336,-96.9907,48.22,71,34,12.66
448,Ixtapa,MX,2022-06-04 03:26:43,20.7,-105.2,77.23,73,100,3.44
449,Vao,NC,2022-06-04 03:26:44,-22.6667,167.4833,71.51,66,22,10.74
450,Saint Pete Beach,US,2022-06-04 03:26:44,27.7253,-82.7412,77.07,77,100,17.27
451,Seymchan,RU,2022-06-04 03:26:45,62.8833,152.4333,74.26,37,83,2.82
452,Kieta,PG,2022-06-04 03:26:45,-6.2167,155.6333,84.9,68,50,4.32
453,Ambikapur,IN,2022-06-04 03:26:46,23.1167,83.2,100.54,12,82,4.16
454,Samagaltay,RU,2022-06-04 03:26:46,50.6022,95.0047,61.38,25,78,17.02
455,Mayo,US,2022-06-04 03:26:47,38.8876,-76.5119,68.58,84,0,0.0
456,Mbulu,TZ,2022-06-04 03:26:47,-3.85,35.5333,48.49,97,26,7.96
457,Roma,US,2022-06-04 03:26:48,43.2128,-75.4557,56.88,83,0,1.99
458,Altay,CN,2022-06-04 03:26:48,47.8667,88.1167,62.11,36,88,3.36
459,Biak,ID,2022-06-04 03:26:49,-0.9131,122.8766,81.36,74,93,1.25
460,Siavonga,ZM,2022-06-04 03:26:49,-16.5382,28.7088,58.93,73,0,2.53
461,Worland,US,2022-06-04 03:26:50,44.0169,-107.9554,62.67,73,0,8.05
462,Menongue,AO,2022-06-04 03:26:50,-14.6585,17.691,45.82,77,4,4.32
463,Manokwari,ID,2022-06-04 03:26:51,-0.8667,134.0833,83.75,68,64,5.61
464,Kongwa,TZ,2022-06-04 03:27:51,-6.2,36.4167,55.8,83,2,3.69
465,Aripuana,BR,2022-06-04 03:27:52,-9.1667,-60.6333,73.27,87,71,1.12
466,Kuhdasht,IR,2022-06-04 03:27:52,33.535,47.6061,77.23,25,33,3.78
467,Iralaya,HN,2022-06-04 03:27:53,15.0,-83.2333,75.94,92,100,13.65
468,Kirakira,SB,2022-06-04 03:27:54,-10.4544,161.9205,85.71,63,100,11.27
469,Gwadar,PK,2022-06-04 03:27:54,25.1216,62.3254,82.85,82,56,7.94
470,Shingu,JP,2022-06-04 03:28:00,33.7333,135.9833,74.03,53,1,9.46
471,Acarau,BR,2022-06-04 03:24:20,-2.8856,-40.12,76.41,89,50,7.76
472,Isabela,PH,2022-06-04 03:28:00,6.7085,121.9711,86.05,65,89,2.68
473,Hualmay,PE,2022-06-04 03:28:01,-11.0964,-77.6139,63.97,85,99,4.56
474,Alice Springs,AU,2022-06-04 03:24:47,-23.7,133.8833,62.15,51,0,10.36
475,Hambantota,LK,2022-06-04 03:28:02,6.1241,81.1185,84.54,89,75,12.66
476,Porbandar,IN,2022-06-04 03:28:03,21.6422,69.6093,87.78,66,40,17.27
477,La Libertad,EC,2022-06-04 03:28:04,-2.2333,-80.9,70.2,81,100,5.17
478,Iqaluit,CA,2022-06-04 03:28:05,63.7506,-68.5145,38.93,65,20,4.61
479,Ciupercenii Noi,RO,2022-06-04 03:28:11,43.9097,22.9483,63.52,90,16,2.93
480,College,US,2022-06-04 03:28:11,64.8569,-147.8028,75.99,28,75,6.91
481,Vrindavan,IN,2022-06-04 03:28:11,27.5833,77.7,100.85,9,15,8.43
482,Slave Lake,CA,2022-06-04 03:28:12,55.2834,-114.769,71.58,23,0,10.36
483,Chernyshevskiy,RU,2022-06-04 03:28:15,63.0128,112.4714,60.75,27,80,8.43
484,Namibe,AO,2022-06-04 03:28:16,-15.1961,12.1522,74.01,46,49,4.7
485,Ust-Uda,RU,2022-06-04 03:28:16,54.1742,103.0304,59.83,50,48,7.74
486,Chihuahua,MX,2022-06-04 03:28:16,28.5,-106.0,76.3,40,92,10.25
487,Tezu,IN,2022-06-04 03:28:17,27.9167,96.1667,75.06,98,100,2.57
488,Pundaguitan,PH,2022-06-04 03:28:18,6.3711,126.1689,83.07,71,97,0.94
489,Uyar,RU,2022-06-04 03:28:18,55.81,94.3153,35.71,99,100,6.67
490,Riohacha,CO,2022-06-04 03:28:19,11.5444,-72.9072,77.38,89,32,7.58
491,Hay River,CA,2022-06-04 03:28:19,60.8156,-115.7999,60.78,39,20,11.5
492,Omboue,GA,2022-06-04 03:28:21,-1.5746,9.2618,73.62,95,100,4.21
493,Puerto Gaitan,CO,2022-06-04 03:28:21,4.3133,-72.0816,73.18,94,96,0.92
494,Charters Towers,AU,2022-06-04 03:28:22,-20.1,146.2667,79.72,52,53,4.72
495,Monticello,US,2022-06-04 03:28:29,45.3055,-93.7941,57.94,62,40,0.0
496,Guerrero Negro,MX,2022-06-04 03:28:29,27.9769,-114.0611,62.28,84,0,15.97
497,Albanel,CA,2022-06-04 03:28:30,48.8832,-72.4487,53.74,94,100,2.3
498,Kiama,AU,2022-06-04 03:28:31,-34.6833,150.8667,64.38,52,2,11.99
499,San Isidro,PE,2022-06-04 03:28:31,-12.1167,-77.05,64.02,83,100,5.75
500,Nishihara,JP,2022-06-04 03:28:32,26.1842,127.7558,76.28,97,100,10.36
501,Middletown,US,2022-06-04 03:28:32,39.5151,-84.3983,68.74,68,0,0.0
502,Fasa,IR,2022-06-04 03:28:33,28.9383,53.6482,74.44,19,0,9.22
503,Faanui,PF,2022-06-04 03:28:34,-16.4833,-151.75,81.18,68,100,17.45
504,Sao Filipe,CV,2022-06-04 03:28:34,14.8961,-24.4956,75.65,73,16,13.33
505,Barcelos,PT,2022-06-04 03:27:25,41.5388,-8.6151,62.85,95,17,3.27
506,Alexandria,EG,2022-06-04 03:24:26,31.2156,29.9553,72.19,74,0,3.91
507,Pitimbu,BR,2022-06-04 03:28:36,-7.4706,-34.8086,72.19,88,82,5.19
508,Bathsheba,BB,2022-06-04 03:28:37,13.2167,-59.5167,79.59,83,98,15.79
509,Einbeck,DE,2022-06-04 03:28:38,51.8167,9.8667,60.13,77,100,4.0
510,Limbang,MY,2022-06-04 03:28:38,4.75,115.0,86.11,56,100,2.66
511,Priargunsk,RU,2022-06-04 03:29:39,50.3691,119.1012,55.94,82,100,16.33
512,Junin,AR,2022-06-04 03:29:39,-34.5838,-60.9433,44.13,67,100,10.74
513,Kurumkan,RU,2022-06-04 03:29:40,54.3,110.3,62.1,58,100,3.42
514,Silver City,US,2022-06-04 03:29:41,32.7701,-108.2803,76.96,12,0,10.36
515,Harrisonville,US,2022-06-04 03:29:41,38.6533,-94.3488,69.98,77,0,0.0
516,Waipawa,NZ,2022-06-04 03:29:42,-41.4122,175.5153,51.48,61,24,2.86
517,Bowen,AU,2022-06-04 03:29:42,-20.0167,148.2333,75.85,69,18,4.92
518,Cockburn Town,TC,2022-06-04 03:29:43,21.4612,-71.1419,80.31,85,79,17.54
519,Ucluelet,CA,2022-06-04 03:29:43,48.9329,-125.5528,54.09,93,100,1.01
520,Oneida,US,2022-06-04 03:29:44,43.2001,-75.4663,56.95,83,0,1.99
521,Coswig,DE,2022-06-04 03:25:16,51.1333,13.5833,63.99,96,40,2.3
522,Resistencia,AR,2022-06-04 03:29:45,-27.4606,-58.9839,50.05,84,75,4.61
523,San Quintin,MX,2022-06-04 03:29:45,30.4833,-115.95,61.23,86,2,10.31
524,Zion,US,2022-06-04 03:29:46,42.4461,-87.8328,63.95,65,0,0.0
525,Jiaohe,CN,2022-06-04 03:29:46,43.7286,127.3447,53.83,96,100,6.35
526,Sungai Padi,TH,2022-06-04 03:29:47,6.0851,101.8766,87.58,67,100,0.47
527,Wloclawek,PL,2022-06-04 03:29:48,52.6482,19.0678,52.52,82,100,6.69
528,Gander,CA,2022-06-04 03:29:48,48.9682,-54.5906,35.73,100,100,13.8
529,Cam Ranh,VN,2022-06-04 03:29:49,11.9214,109.1591,89.56,62,20,8.05
530,Mardin,TR,2022-06-04 03:29:50,37.3131,40.7436,78.06,18,0,13.8
531,Pangkalanbuun,ID,2022-06-04 03:29:50,-2.6833,111.6167,90.05,55,45,2.82
532,Tulum,MX,2022-06-04 03:25:37,20.2167,-87.4667,74.73,94,13,6.35
533,Verkhoyansk,RU,2022-06-04 03:29:51,67.5447,133.385,75.34,32,41,8.5
534,Oxapampa,PE,2022-06-04 03:29:51,-10.5775,-75.4017,58.26,98,100,1.99
535,Quesnel,CA,2022-06-04 03:25:09,52.9999,-122.5029,61.3,77,100,0.0
536,Fernandina Beach,US,2022-06-04 03:26:56,30.6697,-81.4626,79.09,84,0,9.22
537,Naliya,IN,2022-06-04 03:25:17,23.2667,68.8333,85.15,63,35,18.16
538,Berbera,SO,2022-06-04 03:29:53,10.4396,45.0143,86.47,53,80,10.74
539,Kattivakkam,IN,2022-06-04 03:29:53,13.2167,80.3167,89.69,66,73,9.51
540,Rock Sound,BS,2022-06-04 03:29:54,24.9,-76.2,79.48,83,100,14.47
541,Asyut,EG,2022-06-04 03:29:54,27.181,31.1837,79.59,27,0,3.8
542,Sao Jose Da Coroa Grande,BR,2022-06-04 03:29:55,-8.8978,-35.1478,74.89,88,58,1.66
543,Rebrikha,RU,2022-06-04 03:29:56,53.0733,82.3408,48.81,47,68,10.04
544,Komsomolsk,UA,2022-06-04 03:29:56,49.0097,33.6455,56.75,87,0,7.45
545,Mundra,IN,2022-06-04 03:28:18,22.85,69.7333,84.9,64,39,18.07
546,Dzhebariki-Khaya,RU,2022-06-04 03:29:57,62.2167,135.8,79.86,33,80,0.87
547,Marienburg,PL,2022-06-04 03:29:58,54.0359,19.0266,50.88,92,22,3.42
548,Norsup,VU,2022-06-04 03:29:58,-16.0667,167.3833,82.72,69,39,13.15
549,Ajdabiya,LY,2022-06-04 03:29:59,30.7554,20.2263,73.89,49,0,9.44
550,Trelew,AR,2022-06-04 03:30:00,-43.249,-65.3051,49.53,52,96,24.18
551,Camacha,PT,2022-06-04 03:29:52,33.0833,-16.3333,62.02,72,40,13.8
552,Caxias,PT,2022-06-04 03:30:00,38.7031,-9.2767,64.92,81,40,10.0
553,Ventanas,EC,2022-06-04 03:30:01,-1.45,-79.4667,74.32,86,100,2.95
554,Shimoda,JP,2022-06-04 03:30:02,34.6667,138.95,71.96,71,67,9.44
555,Caxito,AO,2022-06-04 03:30:03,-8.5785,13.6643,65.71,84,2,3.65
